9623NUMBER,9623CARD,CARD,INDEX

96232762X,96232762X,2762,2267
96233467X,96233467X,3467,3467
9623133511X,9623K35JX,K35J,35JK
9623133910X,9623K39TX,K39T,39TK

9623133511X,9623A335JX,A335J,A335J
9623133910X,9623A339TX,A339T,A339T
962318752X,9623A8752X,A8752,A2578
9623187127X,9623A87Q7X,A87Q7,A778Q
962331961X,96233A96AX,3A96A,AA369
9623351347X,962335K47X,35K47,3457K
96233613610X,962336K6TX,36K6T,366TK
9623391613X,962339A6KX,39A6K,A369K
962346514X,9623465A4X,465A4,A4456
96234721213X,9623472QKX,472QK,247QK
962374225X,962374225X,74225,22457
9623761372X,962376K72X,76K72,2677K
9623782810X,96237828TX,7828T,2788T
96237913213X,962379K2KX,79K2K,279KK
962381848X,96238A848X,8A848,A4888
962385415X,9623854A5X,854A5,A4558
9623888128X,9623888Q8X,888Q8,8888Q
962394877X,962394877X,94877,47789
96239135212X,96239K52QX,9K52Q,259QK
96231011929X,9623TJ929X,TJ929,299TJ
9623101361011X,9623TK6TJX,TK6TJ,6TTJK
9623114758X,9623J4758X,J4758,4578J
962311101328X,9623JTK28X,JTK28,28TJK
96231211252X,9623QAQ52X,QAQ52,A25QQ
962312711104X,9623Q7JT4X,Q7JT4,47TJQ
9623129986X,9623Q9986X,Q9986,6899Q
96231211252X,9623QJ252X,QJ252,225JQ
9623133511X,9623K35AAX,K35AA,AA35K
9623135488X,9623K5488X,K5488,4588K
9623139937X,9623K9937X,K9937,3799K
96231310918X,9623KT9A8X,KT9A8,A89TK

9623114758X,9623AA4758X,AA4758,AA4578
962311101328X,9623AATK28X,AATK28,AA28TK
96231211252X,9623A2AQ52X,A2AQ52,AA225Q
962312711104X,9623A27JT4X,A27JT4,A247TJ
9623129986X,9623A29986X,A29986,A26899
96231211252X,9623A2J252X,A2J252,A2225J
9623133511X,9623A335AAX,A335AA,AAA335
9623135488X,9623A35488X,A35488,A34588
9623139937X,9623A39937X,A39937,A33799
96231310918X,9623A3T9A8X,A3T9A8,AA389T
9623146741X,9623A4674AX,A4674A,AA4467
96231481510X,9623A48A5TX,A48A5T,AA458T
962315212111X,9623A52QAJX,A52QAJ,AA25JQ
962315212111X,9623A52QJAX,A52QJA,AA25JQ
96231513565X,9623A5K565X,A5K565,A5556K
9623162491X,9623A6249AX,A6249A,AA2469
962316811123X,9623A68JQ3X,A68JQ3,A368JQ
96231734128X,9623A734Q8X,A734Q8,A3478Q
962317122910X,9623A7Q29TX,A7Q29T,A279TQ
96231816115X,9623A8A6J5X,A8A6J5,AA568J
9623187127X,9623A87A27X,A87A27,AA2778
96231936613X,9623A9366KX,A9366K,A3669K
962311027114X,9623AT27J4X,AT27J4,A247TJ
962311044112X,9623AT44AQX,AT44AQ,AA44TQ
962311044112X,9623AT44J2X,AT44J2,A244TJ
96231105535X,9623AT5535X,AT5535,A3555T
96231118924X,9623AJ8924X,AJ8924,A2489J
96231121654X,9623AQA654X,AQA654,AA456Q
96231127618X,9623AQ76A8X,AQ76A8,AA678Q
96231137992X,9623AK7992X,AK7992,A2799K
962311383136X,9623AK83K6X,AK83K6,A368KK
962311310245X,9623AKT245X,AKT245,A245TK
962311310635X,9623AKT635X,AKT635,A356TK
9623232757X,9623232757X,232757,223577
96232345123X,96232345Q3X,2345Q3,23345Q
96232385812X,962323858QX,23858Q,23588Q
9623242121113X,9623242QJKX,242QJK,224JQK
9623245444X,9623245444X,245444,244445
9623247196X,9623247A96X,247A96,A24679
96232587211X,962325872JX,25872J,22578J
96232591096X,9623259T96X,259T96,25699T
9623268259X,9623268259X,268259,225689
962326131376X,962326KK76X,26KK76,2667KK
9623273686X,9623273686X,273686,236678
96232744126X,96232744Q6X,2744Q6,24467Q
96232713433X,962327K433X,27K433,23347K
9623284879X,9623284879X,284879,247889
9623285121313X,9623285QKKX,285QKK,258QKK
962328812128X,9623288QQ8X,288QQ8,2888QQ
962328911101X,9623289JTAX,289JTA,A289TJ
962328102109X,962328T2T9X,28T2T9,2289TT
962328133117X,962328K3J7X,28K3J7,2378JK
96232933123X,96232933Q3X,2933Q3,23339Q
9623293816X,96232938A6X,2938A6,A23689
962329761310X,96232976KTX,2976KT,2679TK
962321057125X,96232T57Q5X,2T57Q5,2557TQ
962331612103X,96233A6QT3X,3A6QT3,A336TQ
96233110681X,96233AT68AX,3AT68A,AA368T
96233381233X,9623338Q33X,338Q33,33338Q
96233441155X,9623344J55X,344J55,34455J
96233487103X,96233487T3X,3487T3,33478T
96233491387X,9623349K87X,349K87,34789K
9623351347X,962335A347X,35A347,A33457
962335471312X,96233547KQX,3547KQ,3457QK
96233613610X,962336A36TX,36A36T,A3366T
9623366161X,9623366A6AX,366A6A,AA3666
96233711866X,962337J866X,37J866,36678J
9623383101013X,9623383TTKX,383TTK,338TTK
9623386183X,9623386A83X,386A83,A33688
9623391613X,962339A6A3X,39A6A3,AA3369
96233931139X,9623393AK9X,393AK9,A3399K
96233931139X,9623393J39X,393J39,33399J
9623395645X,9623395645X,395645,345569
9623310131023X,96233TKT23X,3TKT23,233TTK
9623311119103X,96233JJ9T3X,3JJ9T3,339TJJ
9623312131375X,96233QKK75X,3QKK75,357QKK
962331351154X,96233K5J54X,3K5J54,3455JK
962344211911X,9623442J9JX,442J9J,2449JJ
96234446134X,96234446K4X,4446K4,44446K
9623448427X,9623448427X,448427,244478
9623449186X,9623449A86X,449A86,A44689
96234492712X,962344927QX,44927Q,24479Q
96234510101311X,962345TTKJX,45TTKJ,45TTJK
9623461762X,962346A762X,46A762,A24667
96234610636X,962346T636X,46T636,34666T
962347112137X,962347AQK7X,47AQK7,A477QK
96234721213X,9623472A2KX,472A2K,A2247K
96234721213X,9623472QA3X,472QA3,A2347Q
96234741811X,9623474A8JX,474A8J,A4478J
96234741163X,9623474J63X,474J63,34467J
9623475268X,9623475268X,475268,245678
962347112137X,962347J2K7X,47J2K7,2477JK
962347136101X,962347K6TAX,47K6TA,A467TK
9623497444X,9623497444X,497444,444479
962341067131X,96234T67KAX,4T67KA,A467TK
962341155511X,96234J555JX,4J555J,4555JJ
962341211578X,96234QJ578X,4QJ578,4578JQ
96234121381210X,96234QK8QTX,4QK8QT,48TQQK
9623518558X,96235A8558X,5A8558,A55588
962351121712X,96235AQA7QX,5AQA7Q,AA57QQ
96235231081X,9623523T8AX,523T8A,A2358T
96235247125X,96235247Q5X,5247Q5,24557Q
96235368211X,962353682JX,53682J,23568J
96235438813X,962354388KX,54388K,34588K
9623547823X,9623547823X,547823,234578
96235412344X,962354Q344X,54Q344,34445Q
9623552515X,96235525A5X,5525A5,A25555
9623583574X,9623583574X,583574,345578
9623584552X,9623584552X,584552,245558
962359911112X,9623599AJQX,599AJQ,A599JQ
962359911112X,9623599JAQX,599JAQ,A599JQ
962359911112X,9623599JJ2X,599JJ2,2599JJ
96235910524X,962359T524X,59T524,24559T
9623510137111X,96235TK7AJX,5TK7AJ,A57TJK
9623510137111X,96235TK7JAX,5TK7JA,A57TJK
962351121712X,96235J2A7QX,5J2A7Q,A257JQ
96235114918X,96235J49A8X,5J49A8,A4589J
96235118101111X,96235J8TJJX,5J8TJJ,58TJJJ
962351363116X,96235K63J6X,5K63J6,3566JK
9623513123113X,96235KQ3AKX,5KQ3AK,A35QKK
9623513123113X,96235KQ3J3X,5KQ3J3,335JQK
9623617795X,96236A7795X,6A7795,A56779
96236181277X,96236A8Q77X,6A8Q77,A6778Q
96236197711X,96236A977JX,6A977J,A6779J
962362513138X,9623625KK8X,625KK8,2568KK
9623627182X,9623627A82X,627A82,A22678
96236431051X,9623643T5AX,643T5A,A3456T
9623653786X,9623653786X,653786,356678
9623666641X,962366664AX,66664A,A46666
9623669527X,9623669527X,669527,256679
9623672161X,9623672A6AX,672A6A,AA2667
9623678545X,9623678545X,678545,455678
962367911125X,9623679JQ5X,679JQ5,5679JQ
962367121234X,962367QQ34X,67QQ34,3467QQ
96236892811X,962368928JX,68928J,26889J
9623693227X,9623693227X,693227,223679
962369111266X,962369JQ66X,69JQ66,6669JQ
96236116828X,96236J6828X,6J6828,26688J
962361171052X,96236J7T52X,6J7T52,2567TJ
9623612110213X,96236QAT2KX,6QAT2K,A26TQK
962361286510X,96236Q865TX,6Q865T,5668TQ
962361212251X,96236QQ25AX,6QQ25A,A256QQ
962361326113X,96236K26AKX,6K26AK,A266KK
962361326113X,96236K26J3X,6K26J3,2366JK
96237245812X,962372458QX,72458Q,24578Q
96237363136X,96237363K6X,7363K6,33667K
9623744917X,96237449A7X,7449A7,A44779
96237441385X,9623744K85X,744K85,44578K
9623745736X,9623745736X,745736,345677
9623754376X,9623754376X,754376,345677
96237513559X,962375K559X,75K559,55579K
9623761372X,962376A372X,76A372,A23677
962377413712X,9623774K7QX,774K7Q,4777QK
9623779483X,9623779483X,779483,347789
962377911136X,9623779JK6X,779JK6,6779JK
96237712399X,962377Q399X,77Q399,37799Q
962377121287X,962377QQ87X,77QQ87,7778QQ
9623786224X,9623786224X,786224,224678
96237913213X,962379A32KX,79A32K,A2379K
962379541012X,96237954TQX,7954TQ,4579TQ
96237913213X,962379K2A3X,79K2A3,A2379K
962371066912X,96237T669QX,7T669Q,6679TQ
9623710810813X,96237T8T8KX,7T8T8K,788TTK
96237124219X,96237Q42A9X,7Q42A9,A2479Q
96237135319X,96237K53A9X,7K53A9,A3579K
962371359118X,96237K59J8X,7K59J8,5789JK
962371351231X,96237K5Q3AX,7K5Q3A,A357QK
962371310146X,96237KTA46X,7KTA46,A467TK
9623817346X,96238A7346X,8A7346,A34678
9623822839X,9623822839X,822839,223889
9623827543X,9623827543X,827543,234578
9623827795X,9623827795X,827795,257789
96238210477X,962382T477X,82T477,24778T
9623842579X,9623842579X,842579,245789
9623841141013X,962384J4TKX,84J4TK,448TJK
96238411858X,962384J858X,84J858,45888J
962386191112X,962386A9JQX,86A9JQ,A689JQ
9623862319X,96238623A9X,8623A9,A23689
9623869645X,9623869645X,869645,456689
9623882917X,96238829A7X,8829A7,A27889
9623888128X,9623888A28X,888A28,A28888
962388129139X,962388Q9K9X,88Q9K9,8899QK
96238813753X,962388K753X,88K753,35788K
9623810110129X,96238TATQ9X,8TATQ9,A89TTQ
9623810125102X,96238TQ5T2X,8TQ5T2,258TTQ
96238126855X,96238Q6855X,8Q6855,55688Q
96239135212X,96239A352QX,9A352Q,A2359Q
96239241157X,9623924J57X,924J57,24579J
96239265412X,962392654QX,92654Q,24569Q
9623929666X,9623929666X,929666,266699
962392118131X,962392J8KAX,92J8KA,A289JK
96239388115X,96239388J5X,9388J5,35889J
9623944741X,962394474AX,94474A,A44479
9623957386X,9623957386X,957386,356789
9623976967X,9623976967X,976967,667799
962398101136X,962398TAK6X,98TAK6,A689TK
962398101136X,962398TJ36X,98TJ36,3689TJ
9623981212126X,962398QQQ6X,98QQQ6,689QQQ
96239911279X,962399AQ79X,99AQ79,A7999Q
9623994595X,9623994595X,994595,455999
96239966812X,962399668QX,99668Q,66899Q
96239911279X,962399J279X,99J279,27999J
96239911759X,962399J759X,99J759,57999J
962399122102X,962399Q2T2X,99Q2T2,2299TQ
9623991261013X,962399Q6TKX,99Q6TK,699TQK
9623991313312X,962399KK3QX,99KK3Q,399QKK
96239109676X,96239T9676X,9T9676,66799T
9623910101044X,96239TTT44X,9TTT44,449TTT
962391213955X,96239QK955X,9QK955,5599QK
96239135212X,96239K52A2X,9K52A2,A2259K
96239139697X,96239K9697X,9K9697,67999K
96231011929X,9623TAA929X,TAA929,AA299T
9623101361011X,9623TA36TJX,TA36TJ,A36TTJ
96231048817X,9623T488A7X,T488A7,A4788T
9623105711122X,9623T57JQ2X,T57JQ2,257TJQ
962310662125X,9623T662Q5X,T662Q5,2566TQ
96231071854X,9623T7A854X,T7A854,A4578T
96231074152X,9623T74A52X,T74A52,A2457T
96231071213131X,9623T7QKKAX,T7QKKA,A7TQKK
9623107137124X,9623T7K7Q4X,T7K7Q4,477TQK
962310851143X,9623T85J43X,T85J43,3458TJ
962310862117X,9623T862J7X,T862J7,2678TJ
962310961711X,9623T96A7JX,T96A7J,A679TJ
9623101046611X,9623TT466JX,TT466J,466TTJ
9623101361011X,9623TK6TAAX,TK6TAA,AA6TTK
96231013116103X,9623TKJ6T3X,TKJ6T3,36TTJK
96231118924X,9623JA8924X,JA8924,A2489J
96231121654X,9623J2A654X,J2A654,A2456J
96231127618X,9623J276A8X,J276A8,A2678J
96231137992X,9623J37992X,J37992,23799J
962311383136X,9623J383K6X,J383K6,3368JK
962311310245X,9623J3T245X,J3T245,2345TJ
962311310635X,9623J3T635X,J3T635,3356TJ
96231143881X,9623J4388AX,J4388A,A3488J
962311510492X,9623J5T492X,J5T492,2459TJ
9623115111319X,9623J5JKA9X,J5JKA9,A59JJK
96231164473X,9623J64473X,J64473,34467J
9623116711813X,9623J67J8KX,J67J8K,678JJK
962311753114X,9623J753J4X,J753J4,3457JJ
962311712335X,9623J7Q335X,J7Q335,3357JQ
962311835413X,9623J8354KX,J8354K,3458JK
962311831195X,9623J83J95X,J83J95,3589JJ
962311894108X,9623J894T8X,J894T8,4889TJ
96231193822X,9623J93822X,J93822,22389J
962311101328X,9623JTA328X,JTA328,A238TJ
9623111024119X,9623JT24J9X,JT24J9,249TJJ
962311104131212X,9623JT4KQQX,JT4KQQ,4TJQQK
96231211252X,9623QAA252X,QAA252,AA225Q
9623122112122X,9623Q2AQQ2X,Q2AQQ2,A22QQQ
96231222256X,9623Q22256X,Q22256,22256Q
9623122731013X,9623Q273TKX,Q273TK,237TQK
9623122112122X,9623Q2J2Q2X,Q2J2Q2,222JQQ
9623123121358X,9623Q3QK58X,Q3QK58,358QQK
96231257914X,9623Q579A4X,Q579A4,A4579Q
962312512381X,9623Q5Q38AX,Q5Q38A,A358QQ
962312664913X,9623Q6649KX,Q6649K,4669QK
9623126121166X,9623Q6QJ66X,Q6QJ66,666JQQ
962312711104X,9623Q7AAT4X,Q7AAT4,AA47TQ
9623127111127X,9623Q7AJQ7X,Q7AJQ7,A77JQQ
9623127111127X,9623Q7JAQ7X,Q7JAQ7,A77JQQ
9623127111127X,9623Q7JJ27X,Q7JJ27,277JJQ
9623127121168X,9623Q7QJ68X,Q7QJ68,678JQQ
96231287323X,9623Q87323X,Q87323,23378Q
962313112519X,9623KAQ5A9X,KAQ5A9,AA59QK
962313211534X,9623K2J534X,K2J534,2345JK
962313437137X,9623K437K7X,K437K7,3477KK
962313472711X,9623K4727JX,K4727J,2477JK
96231359635X,9623K59635X,K59635,35569K
9623136118912X,9623K6J89QX,K6J89Q,689JQK
96231385447X,9623K85447X,K85447,44578K
962313874411X,9623K8744JX,K8744J,4478JK
96231391261213X,9623K9Q6QKX,K9Q6QK,69QQKK
962313112519X,9623KJ25A9X,KJ25A9,A259JK
962313117475X,9623KJ7475X,KJ7475,4577JK

